﻿<?xml version="1.0" encoding="utf-8"?>
<PERMITZONES>
  <ZONES>
    <ZONE name="H1">
      <TimeSpan Start="7:30 AM" End="10:00 PM">
        <Permit prefix="21FS1" />
        <Permit prefix="21FS2" />
        <Permit prefix="21FS3" />
        <Permit prefix="21GH" />
        <Permit prefix="21H1" />
        <Permit prefix="21D1" />
        <Permit prefix="21D2" />
        <Permit prefix="21CM" />
        <Permit prefix="21SV" />
        <Permit prefix="21R" />
        <Permit prefix="21W1" />
        <Permit prefix="21W2" />
        <Permit prefix="21W3" />
        <Permit prefix="21WR" />
        <Permit prefix="21WS" />
        <Permit prefix="21DP" />
      </TimeSpan>
    </ZONE>
    <ZONE name="H2">
      <TimeSpan Start="7:30 AM" End="10:00 PM">
        <Permit prefix="21FS1" />
        <Permit prefix="21FS2" />
        <Permit prefix="21FS3" />
        <Permit prefix="21GH" />
        <Permit prefix="21H2" />
        <Permit prefix="21D1" />
        <Permit prefix="21D2" />
        <Permit prefix="21CM" />
        <Permit prefix="21SV" />
        <Permit prefix="21R" />
        <Permit prefix="21W1" />
        <Permit prefix="21W2" />
        <Permit prefix="21W3" />
        <Permit prefix="21WR" />
        <Permit prefix="21WS" />
        <Permit prefix="21DP" />
      </TimeSpan>
    </ZONE>
    <ZONE name="H3">
      <TimeSpan Start="7:30 AM" End="10:00 PM">
        <Permit prefix="21FS1" />
        <Permit prefix="21FS2" />
        <Permit prefix="21FS3" />
        <Permit prefix="21GH" />
        <Permit prefix="21H3" />
        <Permit prefix="21D1" />
        <Permit prefix="21D2" />
        <Permit prefix="21CM" />
        <Permit prefix="21SV" />
        <Permit prefix="21R" />
        <Permit prefix="21W1" />
        <Permit prefix="21W2" />
        <Permit prefix="21W3" />
        <Permit prefix="21WR" />
        <Permit prefix="21WS" />
        <Permit prefix="21DP" />
      </TimeSpan>
    </ZONE>
    <ZONE name="H4">
      <TimeSpan Start="7:30 AM" End="10:00 PM">
        <Permit prefix="21FS1" />
        <Permit prefix="21FS2" />
        <Permit prefix="21FS3" />
        <Permit prefix="21GH" />
        <Permit prefix="21H4" />
        <Permit prefix="21D1" />
        <Permit prefix="21D2" />
        <Permit prefix="21CM" />
        <Permit prefix="21SV" />
        <Permit prefix="21R" />
        <Permit prefix="21W1" />
        <Permit prefix="21W2" />
        <Permit prefix="21W3" />
        <Permit prefix="21WR" />
        <Permit prefix="21WS" />
        <Permit prefix="21DP" />
      </TimeSpan>
    </ZONE>
    <ZONE name="H6">
      <TimeSpan Start="7:30 AM" End="10:00 PM">
        <Permit prefix="21FS1" />
        <Permit prefix="21FS2" />
        <Permit prefix="21FS3" />
        <Permit prefix="21GH" />
        <Permit prefix="21H6" />
        <Permit prefix="21D1" />
        <Permit prefix="21D2" />
        <Permit prefix="21CM" />
        <Permit prefix="21SV" />
        <Permit prefix="21R" />
        <Permit prefix="21W1" />
        <Permit prefix="21W2" />
        <Permit prefix="21W3" />
        <Permit prefix="21WR" />
        <Permit prefix="21WS" />
        <Permit prefix="21DP" />
      </TimeSpan>
    </ZONE>
    <ZONE name="H7">
      <TimeSpan Start="7:30 AM" End="10:00 PM">
        <Permit prefix="21FS1" />
        <Permit prefix="21FS2" />
        <Permit prefix="21FS3" />
        <Permit prefix="21GH" />
        <Permit prefix="21H7" />
        <Permit prefix="21D1" />
        <Permit prefix="21D2" />
        <Permit prefix="21CM" />
        <Permit prefix="21SV" />
        <Permit prefix="21R" />
        <Permit prefix="21W1" />
        <Permit prefix="21W2" />
        <Permit prefix="21W3" />
        <Permit prefix="21WR" />
        <Permit prefix="21WS" />
        <Permit prefix="21DP" />
      </TimeSpan>
    </ZONE>
    <ZONE name="H8">
      <TimeSpan Start="7:30 AM" End="10:00 PM">
        <Permit prefix="21FS1" />
        <Permit prefix="21FS2" />
        <Permit prefix="21FS3" />
        <Permit prefix="21GH" />
        <Permit prefix="21H8" />
        <Permit prefix="21D1" />
        <Permit prefix="21D2" />
        <Permit prefix="21CM" />
        <Permit prefix="21SV" />
        <Permit prefix="21R" />
        <Permit prefix="21W1" />
        <Permit prefix="21W2" />
        <Permit prefix="21W3" />
        <Permit prefix="21WR" />
        <Permit prefix="21WS" />
        <Permit prefix="21DP" />
      </TimeSpan>
    </ZONE>
    <ZONE name="H9">
      <TimeSpan Start="7:30 AM" End="10:00 PM">
        <Permit prefix="21FS1" />
        <Permit prefix="21FS2" />
        <Permit prefix="21FS3" />
        <Permit prefix="21GH" />
        <Permit prefix="21H9" />
        <Permit prefix="21D1" />
        <Permit prefix="21D2" />
        <Permit prefix="21CM" />
        <Permit prefix="21SV" />
        <Permit prefix="21R" />
        <Permit prefix="21W1" />
        <Permit prefix="21W2" />
        <Permit prefix="21W3" />
        <Permit prefix="21WR" />
        <Permit prefix="21WS" />
        <Permit prefix="21DP" />
      </TimeSpan>
    </ZONE>
    <ZONE name="HU">
      <TimeSpan Start="7:30 AM" End="10:00 PM">
        <Permit prefix="21FS1" />
        <Permit prefix="21FS2" />
        <Permit prefix="21FS3" />
        <Permit prefix="21GH" />
        <Permit prefix="21HU" />
        <Permit prefix="21D1" />
        <Permit prefix="21D2" />
        <Permit prefix="21CM" />
        <Permit prefix="21SV" />
        <Permit prefix="21R" />
        <Permit prefix="21W1" />
        <Permit prefix="21W2" />
        <Permit prefix="21W3" />
        <Permit prefix="21WR" />
        <Permit prefix="21WS" />
        <Permit prefix="21DP" />
      </TimeSpan>
    </ZONE>
    <ZONE name="C1">
      <TimeSpan Start="7:30 AM" End="2:00 PM">
        <Permit prefix="21C1" />
        <Permit prefix="21CM" />
        <Permit prefix="21D1" />
        <Permit prefix="21D2" />
        <Permit prefix="21PM" />
        <Permit prefix="21SV" />
        <Permit prefix="21W1" />
        <Permit prefix="21W2" />
        <Permit prefix="21W3" />
        <Permit prefix="21WR" />
        <Permit prefix="21WS" />
      </TimeSpan>
      <TimeSpan Start="2:00 PM" End="4:30 PM">
        <Permit prefix="21AC" />
        <Permit prefix="21C1" />
        <Permit prefix="21C2" />
        <Permit prefix="21C3" />
        <Permit prefix="21C4" />
        <Permit prefix="21C5" />
        <Permit prefix="21C6" />
        <Permit prefix="21C7" />
        <Permit prefix="21CM" />
        <Permit prefix="21D1" />
        <Permit prefix="21D2" />
        <Permit prefix="21K" />
        <Permit prefix="21PM" />
        <Permit prefix="21SV" />
        <Permit prefix="21W1" />
        <Permit prefix="21W2" />
        <Permit prefix="21W3" />
        <Permit prefix="21WR" />
        <Permit prefix="21WS" />
      </TimeSpan>
    </ZONE>
    <ZONE name="C2">
      <TimeSpan Start="7:30 AM" End="2:00 PM">
        <Permit prefix="21C2" />
        <Permit prefix="21CM" />
        <Permit prefix="21D1" />
        <Permit prefix="21D2" />
        <Permit prefix="21PM" />
        <Permit prefix="21SV" />
        <Permit prefix="21W1" />
        <Permit prefix="21W2" />
        <Permit prefix="21W3" />
        <Permit prefix="21WR" />
        <Permit prefix="21WS" />
      </TimeSpan>
      <TimeSpan Start="2:00 PM" End="4:30 PM">
        <Permit prefix="21AC" />
        <Permit prefix="21C1" />
        <Permit prefix="21C2" />
        <Permit prefix="21C3" />
        <Permit prefix="21C4" />
        <Permit prefix="21C5" />
        <Permit prefix="21C6" />
        <Permit prefix="21C7" />
        <Permit prefix="21CM" />
        <Permit prefix="21D1" />
        <Permit prefix="21D2" />
        <Permit prefix="21K" />
        <Permit prefix="21PM" />
        <Permit prefix="21SV" />
        <Permit prefix="21W1" />
        <Permit prefix="21W2" />
        <Permit prefix="21W3" />
        <Permit prefix="21WR" />
        <Permit prefix="21WS" />
      </TimeSpan>
    </ZONE>
    <ZONE name="C3">
      <TimeSpan Start="7:30 AM" End="2:00 PM">
        <Permit prefix="21C3" />
        <Permit prefix="21CM" />
        <Permit prefix="21D1" />
        <Permit prefix="21D2" />
        <Permit prefix="21PM" />
        <Permit prefix="21SV" />
        <Permit prefix="21W1" />
        <Permit prefix="21W2" />
        <Permit prefix="21W3" />
        <Permit prefix="21WR" />
        <Permit prefix="21WS" />
        <Permit prefix="21FS1" />
        <Permit prefix="21FS2" />
        <Permit prefix="21FS3" />
      </TimeSpan>
      <TimeSpan Start="2:00 PM" End="4:30 PM">
        <Permit prefix="21AC" />
        <Permit prefix="21C1" />
        <Permit prefix="21C2" />
        <Permit prefix="21C3" />
        <Permit prefix="21C4" />
        <Permit prefix="21C5" />
        <Permit prefix="21C6" />
        <Permit prefix="21C7" />
        <Permit prefix="21CM" />
        <Permit prefix="21D1" />
        <Permit prefix="21D2" />
        <Permit prefix="21K" />
        <Permit prefix="21PM" />
        <Permit prefix="21SV" />
        <Permit prefix="21W1" />
        <Permit prefix="21W2" />
        <Permit prefix="21W3" />
        <Permit prefix="21WR" />
        <Permit prefix="21WS" />
      </TimeSpan>
    </ZONE>
    <ZONE name="C4">
      <TimeSpan Start="7:30 AM" End="2:00 PM">
        <Permit prefix="21C4" />
        <Permit prefix="21CM" />
        <Permit prefix="21D1" />
        <Permit prefix="21D2" />
        <Permit prefix="21PM" />
        <Permit prefix="21SV" />
        <Permit prefix="21W1" />
        <Permit prefix="21W2" />
        <Permit prefix="21W3" />
        <Permit prefix="21WR" />
        <Permit prefix="21WS" />
      </TimeSpan>
      <TimeSpan Start="2:00 PM" End="4:30 PM">
        <Permit prefix="21AC" />
        <Permit prefix="21C1" />
        <Permit prefix="21C2" />
        <Permit prefix="21C3" />
        <Permit prefix="21C4" />
        <Permit prefix="21C5" />
        <Permit prefix="21C6" />
        <Permit prefix="21C7" />
        <Permit prefix="21CM" />
        <Permit prefix="21D1" />
        <Permit prefix="21D2" />
        <Permit prefix="21K" />
        <Permit prefix="21PM" />
        <Permit prefix="21SV" />
        <Permit prefix="21W1" />
        <Permit prefix="21W2" />
        <Permit prefix="21W3" />
        <Permit prefix="21WR" />
        <Permit prefix="21WS" />
      </TimeSpan>
    </ZONE>
    <ZONE name="OZ">
      <TimeSpan Start="7:30 AM" End="4:30 PM">
        <Permit prefix="21AC" />
        <Permit prefix="21C1" />
        <Permit prefix="21C2" />
        <Permit prefix="21C3" />
        <Permit prefix="21C4" />
        <Permit prefix="21C5" />
        <Permit prefix="21C6" />
        <Permit prefix="21C7" />
        <Permit prefix="21CM" />
        <Permit prefix="21D1" />
        <Permit prefix="21D2" />
        <Permit prefix="21GH" />
        <Permit prefix="21FS1" />
        <Permit prefix="21FS2" />
        <Permit prefix="21FS3" />
        <Permit prefix="21K" />
        <Permit prefix="21H1" />
        <Permit prefix="21H2" />
        <Permit prefix="21H3" />
        <Permit prefix="21H4" />
        <Permit prefix="21H5" />
        <Permit prefix="21H6" />
        <Permit prefix="21H7" />
        <Permit prefix="21H8" />
        <Permit prefix="21H9" />
        <Permit prefix="21HU" />
        <Permit prefix="21PM" />
        <Permit prefix="21SV" />
        <Permit prefix="21W1" />
        <Permit prefix="21W2" />
        <Permit prefix="21W3" />
        <Permit prefix="21WR" />
        <Permit prefix="21WS" />
      </TimeSpan>
    </ZONE>
    <ZONE name="FS1">
      <TimeSpan Start="7:30 AM" End="4:30 PM">
        <Permit prefix="21FS1" />
        <Permit prefix="21R" />
        <Permit prefix="21SV" />
        <Permit prefix="21W1" />
        <Permit prefix="21WR" />
        <Permit prefix="21WS" />
        <Permit prefix="21D1" />
      </TimeSpan>
    </ZONE>
    <ZONE name="FS2">
      <TimeSpan Start="7:30 AM" End="4:30 PM">
        <Permit prefix="21FS2" />
        <Permit prefix="21WS" />
        <Permit prefix="21WR" />
        <Permit prefix="21W2" />
        <Permit prefix="21SV" />
        <Permit prefix="21R" />
        <Permit prefix="21D1" />
      </TimeSpan>
    </ZONE>
    <ZONE name="FS3">
      <TimeSpan Start="7:30 AM" End="4:30 PM">
        <Permit prefix="21FS1" />
        <Permit prefix="21FS2" />
        <Permit prefix="21FS3" />
        <Permit prefix="21D1" />
        <Permit prefix="21R" />
        <Permit prefix="21W2" />
        <Permit prefix="21W3" />
        <Permit prefix="21WR" />
        <Permit prefix="21WS" />
        <Permit prefix="21SV" />
      </TimeSpan>
    </ZONE>
  </ZONES>
  <PERMITPREFIXES>
    <Permit prefix="21AC" start="8350" end="8749" fac="121" offset="0" />
    <Permit prefix="21AH" fac="121" start="6250" end="6624" offset="0" />
    <Permit prefix="21C1" fac="121" start="10000" end="11799" offset="0" />
    <Permit prefix="21C2" fac="121" start="2150" end="2399" offset="0" />
    <Permit prefix="21C3" fac="121" start="3150" end="3399" offset="0" />
    <Permit prefix="21C4" fac="121" start="40000" end="41199" offset="0" />
    <Permit prefix="21C5" fac="121" start="50000" end="50599" offset="0" />
    <Permit prefix="21C6" fac="121" start="6000" end="6249" offset="0" />
    <Permit prefix="21C7" fac="121" start="7000" end="7874" offset="0" />
    <Permit prefix="21CM" fac="121" start="3650" end="3824" offset="0" />
    <Permit prefix="21D1" fac="121" start="1300" end="1499" offset="0" />
    <Permit prefix="21D2" fac="121" start="2000" end="2149" offset="0" />
    <Permit prefix="21DP" fac="121" start="2900" end="2999" offset="0" />
    <Permit prefix="21FS1" fac="121" start="12900" end="13299" offset="0" />
    <Permit prefix="21FS2" fac="121" start="2400" end="2749" offset="0" />
    <Permit prefix="21FS3" fac="121" start="30000" end="31699" offset="0" />
    <Permit prefix="21GH" fac="121" start="3400" end="3499" offset="0" />
    <Permit prefix="21H1" fac="121" start="11800" end="12899" offset="0" />
    <Permit prefix="21H2" fac="121" start="225" end="299" offset="0" />
    <Permit prefix="21H3" fac="121" start="3000" end="3149" offset="0" />
    <Permit prefix="21H4" fac="121" start="4000" end="4349" offset="0" />
    <Permit prefix="21H5" fac="121" start="5000" end="5799" offset="0" />
    <Permit prefix="21H6" fac="121" start="60000" end="60824" offset="0" />
    <Permit prefix="21H7" fac="121" start="7000" end="7274" offset="0" />
    <Permit prefix="21H8" fac="121" start="8000" end="8349" offset="0" />
    <Permit prefix="21H9" fac="121" start="9000" end="9799" offset="0" />
    <Permit prefix="21HS" fac="121" start="14000" end="14749" offset="0" />
    <Permit prefix="21HU" fac="121" start="13300" end="13999" offset="0" />
    <Permit prefix="21K" fac="121" start="400" end="459" offset="0" />
    <Permit prefix="PM" fac="100" start="1000" end="1399" offset="0" />
    <Permit prefix="20PM" fac="120" start="1000" end="1399" offset="0" />
    <Permit prefix="21R" fac="121" start="0" end="99" offset="0" />
    <Permit prefix="21SC" fac="121" start="3500" end="3649" offset="0" />
    <Permit prefix="21SV" fac="121" start="4600" end="4674" offset="0" />
    <Permit prefix="21W1" fac="121" start="100" end="114" offset="0" />
    <Permit prefix="21W2" fac="121" start="200" end="219" offset="0" />
    <Permit prefix="21W3" fac="121" start="300" end="349" offset="0" />
    <Permit prefix="21WR" fac="121" start="150" end="199" offset="0" />
    <Permit prefix="21WS" fac="121" start="4350" end="4549" offset="0" />
  </PERMITPREFIXES>
  <LOTNAMES>
    <LOT name="Academic Complex Service Drive" />
    <LOT name="Adams Street Lot" />
    <LOT name="Alumni Avenue" />
    <LOT name="Alumni Square Garage" />
    <LOT name="Avenue Of Champions" />
    <LOT name="Barnes" />
    <LOT name="Campbell Lane Lot" />
    <LOT name="Cherry Lot" />
    <LOT name="Chestnut North" />
    <LOT name="Chestnut South" />
    <LOT name="College Heights Blvd Lot" />
    <LOT name="Colonnade Drive" />
    <LOT name="Creason Lot" />
    <LOT name="Denes Field/Baseball Complex" />
    <LOT name="Diddle Lot North" />
    <LOT name="Diddle Lot West" />
    <LOT name="Faculty House Drive" />
    <LOT name="Faculty House Lot" />
    <LOT name="Florence Schneider Lot" />
    <LOT name="GRH Service Drive" />
    <LOT name="Hilltop Drive" />
    <LOT name="Hilltop Gated" />
    <LOT name="Hub Lot" />
    <LOT name="Jones Jagger Lot" />
    <LOT name="Kentucky St Lot" />
    <LOT name="Knicely Center" />
    <LOT name="KY ST Apt Lot" />
    <LOT name="Lower Hub Lot" />
    <LOT name="McCormack Lot" />
    <LOT name="McLean Service Drive" />
    <LOT name="Mimosa Lot" />
    <LOT name="Mimosa Point Lot" />
    <LOT name="Mimosa Visitor Lot" />
    <LOT name="Minton Circle" />
    <LOT name="Minton Lot" />
    <LOT name="Normal South" />
    <LOT name="North Normal" />
    <LOT name="Ogden Lot" />
    <LOT name="Old Fort Lot" />
    <LOT name="Park Street Lot" />
    <LOT name="Parking Structure 1" />
    <LOT name="Parking Structure 2" />
    <LOT name="Parking Structure 3" />
    <LOT name="Pearce Ford" />
    <LOT name="Poland" />
    <LOT name="Potter Lot" />
    <LOT name="Regents Drive" />
    <LOT name="Regents Pay Lot" />
    <LOT name="Russelville Rd. West" />
    <LOT name="Russelville Road Lot" />
    <LOT name="Service Supply" />
    <LOT name="Smith Stadium Service Drive" />
    <LOT name="Smith Stadium West" />
    <LOT name="South Campus" />
    <LOT name="South Lawn" />
    <LOT name="Thompson Service Drive" />
    <LOT name="University Blvd Lot" />
    <LOT name="Virginia Garret Loop" />
    <LOT name="Wetherby Lot" />
    <LOT name="WKU Campus" />
    <LOT name="Womens Studies Lot" />
    <LOT name="Zacharias Service Drive" />
  </LOTNAMES>
</PERMITZONES>